<?xml version="1.0" encoding="UTF-8"?>
<project-private xmlns="http://www.netbeans.org/ns/project-private/1">
    <editor-bookmarks xmlns="http://www.netbeans.org/ns/editor-bookmarks/2" lastBookmarkId="0"/>
    <open-files xmlns="http://www.netbeans.org/ns/projectui-open-files/2">
        <group>
            <file>file:/E:/UTD/SE%203345%20-%20Data%20Structures_Algorithms/Project%203%20-%20TreeNode/se3345_Project3/src/LazyBST_Main.java</file>
            <file>file:/E:/UTD/SE%203345%20-%20Data%20Structures_Algorithms/Project%203%20-%20TreeNode/se3345_Project3/src/LazyBinarySearchTree.java</file>
        </group>
    </open-files>
</project-private>
